airline,date_of_journey,source,destination,dep_time,arrival_time,duration,total_stops,additional_info,price
Vistara,2019-04-18,Delhi,Cochin,14:40:00,17:50:00,190,0.0,No Info,6216
Jet Airways,2019-04-09,Delhi,Cochin,07:05:00,19:00:00,715,1.0,No Info,17531
Jet Airways,2019-04-12,Banglore,Delhi,15:15:00,18:10:00,175,0.0,No Info,7229
Multiple Carriers,2019-03-03,Delhi,Cochin,02:15:00,15:30:00,795,1.0,No Info,17057
Jet Airways,2019-04-15,Delhi,Cochin,11:00:00,14:15:00,195,0.0,In-flight meal not included,5443
Multiple Carriers,2019-03-06,Delhi,Cochin,07:30:00,18:50:00,680,1.0,No Info,15135
Jet Airways,2019-05-15,Kolkata,Banglore,08:25:00,20:45:00,740,1.0,In-flight meal not included,10844
Jet Airways,2019-06-15,Delhi,Cochin,22:50:00,19:00:00,1210,1.0,In-flight meal not included,10262
Jet Airways,2019-03-21,Banglore,New Delhi,08:55:00,19:10:00,615,1.0,In-flight meal not included,7832
Jet Airways,2019-06-12,Delhi,Cochin,09:35:00,04:25:00,1130,2.0,No Info,13292
Air India,2019-03-15,Banglore,New Delhi,10:00:00,12:45:00,165,0.0,No Info,7276
Indigo,2019-06-06,Banglore,Delhi,00:25:00,03:15:00,170,0.0,No Info,3943
Jet Airways,2019-05-15,Kolkata,Banglore,20:00:00,04:40:00,520,1.0,No Info,13941
Jet Airways,2019-06-27,Delhi,Cochin,06:45:00,12:35:00,1790,2.0,No Info,13376
Jet Airways,2019-05-21,Kolkata,Banglore,21:10:00,18:15:00,1265,1.0,In-flight meal not included,10844
Multiple Carriers,2019-05-27,Delhi,Cochin,17:45:00,01:30:00,465,1.0,No Info,6795
Indigo,2019-06-24,Banglore,Delhi,13:00:00,15:50:00,170,0.0,No Info,3943
Jet Airways,2019-03-21,Delhi,Cochin,19:45:00,18:50:00,1385,1.0,No Info,12347
Jet Airways,2019-03-27,Delhi,Cochin,09:00:00,04:25:00,1165,1.0,No Info,12242
Jet Airways,2019-06-09,Delhi,Cochin,09:35:00,12:35:00,1620,2.0,No Info,13292
Multiple Carriers,2019-06-09,Delhi,Cochin,03:50:00,19:00:00,910,1.0,No Info,12192
Jet Airways,2019-05-27,Delhi,Cochin,13:25:00,19:00:00,1775,2.0,No Info,15129
Jet Airways,2019-04-21,Banglore,Delhi,08:20:00,11:20:00,180,0.0,In-flight meal not included,5198
Jet Airways,2019-05-15,Kolkata,Banglore,06:30:00,16:20:00,590,1.0,In-flight meal not included,10844
Spicejet,2019-05-18,Banglore,Delhi,05:55:00,08:35:00,160,0.0,No Info,3625
Indigo,2019-03-21,Delhi,Cochin,04:45:00,13:20:00,515,1.0,No Info,7738
Jet Airways,2019-06-12,Kolkata,Banglore,09:35:00,09:45:00,1450,1.0,No Info,12692
Indigo,2019-06-06,Delhi,Cochin,18:35:00,01:30:00,415,1.0,No Info,6628
Multiple Carriers,2019-03-03,Delhi,Cochin,08:00:00,21:00:00,780,1.0,No Info,17057
Jet Airways,2019-03-01,Banglore,New Delhi,08:00:00,07:40:00,1420,1.0,No Info,22270
Goair,2019-06-15,Kolkata,Banglore,15:20:00,17:55:00,155,0.0,No Info,3514
Air India,2019-05-09,Delhi,Cochin,12:55:00,19:15:00,1820,2.0,No Info,11596
Indigo,2019-05-15,Banglore,Delhi,01:30:00,04:15:00,165,0.0,No Info,3419
Multiple Carriers,2019-05-21,Delhi,Cochin,07:10:00,18:10:00,660,1.0,No Info,7038
Jet Airways,2019-05-21,Delhi,Cochin,19:45:00,04:25:00,520,1.0,No Info,16079
Indigo,2019-04-03,Delhi,Cochin,21:05:00,00:20:00,195,0.0,No Info,5021
Air India,2019-05-21,Delhi,Cochin,18:45:00,19:15:00,1470,2.0,No Info,12257
Air India,2019-03-24,Kolkata,Banglore,19:00:00,11:05:00,965,1.0,No Info,5567
Goair,2019-05-03,Banglore,Delhi,11:40:00,14:30:00,170,0.0,No Info,3898
Jet Airways,2019-05-06,Kolkata,Banglore,17:00:00,21:05:00,1685,1.0,No Info,13067
Vistara,2019-04-27,Banglore,Delhi,07:00:00,09:40:00,160,0.0,No Info,5613
Indigo,2019-03-01,Kolkata,Banglore,15:10:00,17:45:00,155,0.0,No Info,6565
Multiple Carriers,2019-03-03,Delhi,Cochin,08:25:00,18:50:00,625,1.0,No Info,15135
Jet Airways,2019-03-06,Banglore,New Delhi,07:00:00,19:10:00,730,1.0,No Info,16736
Air India,2019-05-09,Mumbai,Hyderabad,19:30:00,20:45:00,75,0.0,No Info,3100
Air Asia,2019-04-18,Kolkata,Banglore,22:50:00,01:20:00,150,0.0,No Info,4409
Indigo,2019-05-27,Delhi,Cochin,10:35:00,21:00:00,625,1.0,No Info,6314
Jet Airways,2019-05-09,Mumbai,Hyderabad,07:05:00,08:30:00,85,0.0,No Info,8040
Air India,2019-05-06,Banglore,Delhi,17:00:00,19:45:00,165,0.0,No Info,5228
Jet Airways,2019-05-21,Kolkata,Banglore,09:35:00,22:05:00,750,1.0,No Info,13067
Jet Airways,2019-06-27,Mumbai,Hyderabad,07:05:00,08:30:00,85,0.0,In-flight meal not included,4995
Jet Airways,2019-03-12,Banglore,New Delhi,20:35:00,19:10:00,1355,1.0,In-flight meal not included,11087
Indigo,2019-06-27,Delhi,Cochin,18:35:00,01:30:00,415,1.0,No Info,5883
Multiple Carriers,2019-06-15,Delhi,Cochin,08:45:00,19:00:00,615,1.0,No Info,11789
Spicejet,2019-03-01,Kolkata,Banglore,06:55:00,09:35:00,160,0.0,No Info,4622
Air India,2019-05-27,Delhi,Cochin,06:05:00,09:25:00,1640,1.0,No Info,7480
Indigo,2019-06-03,Kolkata,Banglore,11:30:00,14:05:00,155,0.0,No Info,4804
Jet Airways,2019-03-06,Delhi,Cochin,13:00:00,18:50:00,350,1.0,In-flight meal not included,15103
Spicejet,2019-06-24,Delhi,Cochin,15:45:00,22:05:00,380,1.0,No Info,5583
Jet Airways,2019-06-24,Delhi,Cochin,21:50:00,19:00:00,1270,1.0,In-flight meal not included,10262
Indigo,2019-06-15,Chennai,Kolkata,22:05:00,00:25:00,140,0.0,No Info,5277
Indigo,2019-03-24,Kolkata,Banglore,17:15:00,20:00:00,165,0.0,No Info,6565
Air India,2019-04-09,Delhi,Cochin,05:55:00,19:15:00,2240,2.0,No Info,7711
Multiple Carriers,2019-03-21,Delhi,Cochin,08:00:00,18:50:00,650,1.0,No Info,11667
Jet Airways,2019-05-21,Kolkata,Banglore,20:25:00,22:05:00,1540,1.0,No Info,13067
Jet Airways,2019-05-09,Delhi,Cochin,23:05:00,12:35:00,810,2.0,No Info,15129
Air India,2019-05-03,Kolkata,Banglore,20:45:00,23:20:00,155,0.0,No Info,4145
Multiple Carriers,2019-06-03,Delhi,Cochin,10:00:00,21:00:00,660,1.0,No Info,13587
Vistara,2019-04-01,Kolkata,Banglore,20:20:00,22:55:00,1595,1.0,No Info,7770
Multiple Carriers,2019-06-06,Delhi,Cochin,17:00:00,01:30:00,510,1.0,No Info,7198
Jet Airways,2019-05-18,Kolkata,Banglore,09:35:00,09:45:00,1450,1.0,No Info,14151
Indigo,2019-06-18,Mumbai,Hyderabad,06:25:00,07:55:00,90,0.0,No Info,4049
Jet Airways,2019-06-24,Delhi,Cochin,02:15:00,12:35:00,620,1.0,No Info,18371
Indigo,2019-06-09,Mumbai,Hyderabad,19:05:00,20:35:00,90,0.0,No Info,2754
Multiple Carriers,2019-06-15,Delhi,Cochin,10:20:00,19:00:00,520,1.0,No Info,11789
Spicejet,2019-04-06,Kolkata,Banglore,17:10:00,19:40:00,150,0.0,No check-in baggage included,3841
Multiple Carriers,2019-06-06,Delhi,Cochin,11:25:00,19:15:00,470,1.0,No Info,7354
Spicejet,2019-03-27,Chennai,Kolkata,17:45:00,20:05:00,140,0.0,No check-in baggage included,3332
Jet Airways,2019-03-06,Banglore,New Delhi,21:25:00,19:10:00,1305,1.0,No Info,17471
Jet Airways,2019-05-15,Kolkata,Banglore,16:30:00,10:05:00,1055,1.0,No Info,14781
Indigo,2019-03-21,Delhi,Cochin,02:35:00,08:30:00,355,1.0,No Info,8470
Jet Airways,2019-05-21,Banglore,Delhi,11:10:00,14:05:00,175,0.0,In-flight meal not included,4030
Jet Airways,2019-06-12,Kolkata,Banglore,08:25:00,19:50:00,685,1.0,No Info,13626
Goair,2019-04-24,Delhi,Cochin,07:00:00,12:55:00,355,1.0,No Info,6195
Indigo,2019-03-21,Kolkata,Banglore,05:30:00,08:20:00,170,0.0,No Info,4148
Vistara,2019-05-18,Banglore,Delhi,21:00:00,23:50:00,170,0.0,No Info,4668
Indigo,2019-05-15,Delhi,Cochin,09:15:00,01:30:00,975,1.0,No Info,7503
Multiple Carriers,2019-03-27,Delhi,Cochin,07:05:00,16:10:00,545,1.0,No Info,6076
Vistara,2019-03-24,Kolkata,Banglore,07:10:00,22:55:00,945,1.0,No Info,12732
Indigo,2019-06-09,Delhi,Cochin,17:10:00,01:30:00,500,1.0,No Info,6206
Spicejet,2019-03-21,Chennai,Kolkata,08:20:00,10:35:00,135,0.0,No check-in baggage included,3332
Spicejet,2019-05-06,Kolkata,Banglore,11:15:00,18:30:00,435,1.0,No Info,9736
Jet Airways,2019-03-24,Kolkata,Banglore,19:45:00,23:25:00,1660,1.0,No Info,13759
Vistara ,2019-03-03,Banglore,New Delhi,16:00:00,18:35:00,155,0.0,No Info,11793
Multiple Carriers,2019-03-27,Delhi,Cochin,18:00:00,01:35:00,455,1.0,No Info,6673
Jet Airways,2019-04-06,Banglore,Delhi,19:50:00,22:50:00,180,0.0,In-flight meal not included,4544
Jet Airways,2019-05-18,Delhi,Cochin,10:00:00,19:00:00,540,1.0,In-flight meal not included,11399
Jet Airways,2019-05-09,Delhi,Cochin,21:50:00,04:25:00,395,1.0,No Info,15554
Spicejet,2019-06-03,Chennai,Kolkata,17:45:00,20:05:00,140,0.0,No Info,3597
Multiple Carriers,2019-06-15,Delhi,Cochin,11:40:00,01:30:00,830,1.0,No Info,6795
Indigo,2019-03-18,Mumbai,Hyderabad,21:20:00,22:45:00,85,0.0,No Info,2227
Jet Airways,2019-05-21,Kolkata,Banglore,20:00:00,08:15:00,735,1.0,No Info,14781
Vistara,2019-06-09,Kolkata,Banglore,17:00:00,22:55:00,355,1.0,No Info,9187
Air India,2019-03-24,Kolkata,Banglore,05:40:00,14:35:00,1975,2.0,No Info,11522
Air India,2019-05-09,Kolkata,Banglore,19:00:00,11:05:00,965,1.0,No Info,6117
Jet Airways,2019-06-12,Delhi,Cochin,08:10:00,12:35:00,1705,2.0,No Info,14300
Jet Airways,2019-03-21,Delhi,Cochin,18:25:00,18:50:00,1465,2.0,No Info,12347
Indigo,2019-06-01,Mumbai,Hyderabad,09:15:00,10:45:00,90,0.0,No Info,4049
Multiple Carriers,2019-03-03,Delhi,Cochin,13:00:00,01:35:00,755,1.0,No Info,17493
Air Asia,2019-05-09,Kolkata,Banglore,10:20:00,12:55:00,155,0.0,No Info,4409
Multiple Carriers,2019-03-03,Delhi,Cochin,09:45:00,22:20:00,755,1.0,No Info,13838
Jet Airways,2019-05-06,Kolkata,Banglore,16:30:00,20:45:00,1695,1.0,In-flight meal not included,9663
Air Asia,2019-05-12,Kolkata,Banglore,19:55:00,22:25:00,150,0.0,No Info,5530
Spicejet,2019-05-24,Kolkata,Banglore,15:55:00,21:25:00,330,1.0,No Info,7804
Indigo,2019-06-01,Mumbai,Hyderabad,20:05:00,21:40:00,95,0.0,No Info,2227
Jet Airways,2019-06-15,Delhi,Cochin,19:45:00,19:00:00,1395,1.0,In-flight meal not included,10262
Jet Airways,2019-04-01,Delhi,Cochin,18:15:00,12:35:00,1100,1.0,In-flight meal not included,5406
Jet Airways,2019-05-21,Delhi,Cochin,16:00:00,19:00:00,1620,1.0,No Info,16079
Multiple Carriers,2019-06-01,Delhi,Cochin,17:50:00,01:30:00,460,2.0,No Info,18485
Jet Airways,2019-04-09,Banglore,Delhi,06:00:00,08:45:00,165,0.0,No Info,7229
Jet Airways,2019-06-12,Kolkata,Banglore,20:00:00,04:40:00,520,1.0,No Info,12576
Spicejet,2019-04-06,Kolkata,Banglore,06:55:00,09:30:00,155,0.0,No check-in baggage included,3841
Indigo,2019-03-21,Kolkata,Banglore,17:15:00,19:55:00,160,0.0,No Info,4148
Indigo,2019-04-27,Delhi,Cochin,07:35:00,16:10:00,515,1.0,No Info,6442
Jet Airways,2019-03-12,Banglore,New Delhi,22:55:00,13:15:00,860,1.0,In-flight meal not included,11087
Spicejet,2019-03-03,Chennai,Kolkata,17:45:00,20:05:00,140,0.0,No Info,7298
Indigo,2019-06-27,Delhi,Cochin,06:50:00,22:30:00,940,1.0,No Info,6442
Jet Airways,2019-05-09,Delhi,Cochin,22:50:00,04:25:00,335,1.0,No Info,15554
Jet Airways,2019-03-24,Kolkata,Banglore,16:55:00,09:15:00,980,1.0,In-flight meal not included,11134
Indigo,2019-03-21,Kolkata,Banglore,09:35:00,12:20:00,165,0.0,No Info,4148
Jet Airways,2019-06-12,Kolkata,Banglore,16:30:00,16:20:00,1430,1.0,No Info,13044
Multiple Carriers,2019-03-06,Delhi,Cochin,10:20:00,21:00:00,640,1.0,No Info,15147
Jet Airways,2019-06-15,Delhi,Cochin,06:45:00,04:25:00,1300,2.0,In-flight meal not included,10919
Air India,2019-03-24,Kolkata,Banglore,20:30:00,16:15:00,1185,1.0,No Info,12173
Jet Airways,2019-03-01,Banglore,New Delhi,08:00:00,20:20:00,740,1.0,No Info,27992
Indigo,2019-06-24,Banglore,Delhi,18:15:00,21:20:00,185,0.0,No Info,4823
Multiple Carriers,2019-06-03,Delhi,Cochin,06:40:00,19:00:00,740,1.0,No Info,10877
Jet Airways,2019-03-21,Delhi,Cochin,18:25:00,04:25:00,2040,2.0,No Info,12347
Jet Airways,2019-05-12,Kolkata,Banglore,06:30:00,04:40:00,1330,1.0,No Info,13941
Spicejet,2019-05-06,Kolkata,Banglore,11:35:00,18:50:00,435,1.0,No Info,8479
Indigo,2019-05-21,Kolkata,Banglore,17:35:00,22:15:00,280,1.0,No Info,5386
Air India,2019-06-12,Delhi,Cochin,05:10:00,08:00:00,170,0.0,No Info,5201
Jet Airways,2019-05-21,Kolkata,Banglore,21:10:00,19:50:00,1360,1.0,In-flight meal not included,10844
Air Asia,2019-04-12,Kolkata,Banglore,22:50:00,01:20:00,150,0.0,No Info,4409
Multiple Carriers,2019-03-27,Delhi,Cochin,11:30:00,19:15:00,465,1.0,No Info,6732
Air India,2019-03-03,Banglore,New Delhi,10:30:00,22:55:00,745,1.0,No Info,11003
Air India,2019-05-09,Delhi,Cochin,06:05:00,09:25:00,1640,1.0,No Info,7480
Indigo,2019-03-09,Chennai,Kolkata,22:05:00,00:25:00,140,0.0,No Info,6297
Indigo,2019-06-12,Banglore,Delhi,04:00:00,06:50:00,170,0.0,No Info,3943
Indigo,2019-05-01,Delhi,Cochin,18:35:00,01:30:00,415,1.0,No Info,8854
Vistara,2019-05-06,Kolkata,Banglore,17:00:00,10:45:00,1065,1.0,No Info,8662
Indigo,2019-04-06,Banglore,Delhi,13:00:00,15:50:00,170,0.0,No Info,4423
Jet Airways,2019-06-09,Delhi,Cochin,09:40:00,19:00:00,560,2.0,No Info,13014
Indigo,2019-03-21,Delhi,Cochin,05:05:00,10:05:00,300,1.0,No Info,6893
Air India,2019-05-18,Kolkata,Banglore,05:50:00,12:30:00,1840,2.0,No Info,12723
Indigo,2019-04-21,Delhi,Cochin,02:00:00,07:25:00,325,1.0,No Info,5636
Air India,2019-03-06,Delhi,Cochin,09:00:00,07:40:00,1360,1.0,No Info,14882
Spicejet,2019-05-09,Mumbai,Hyderabad,05:45:00,07:15:00,90,0.0,No check-in baggage included,1965
Multiple Carriers,2019-06-24,Delhi,Cochin,09:00:00,21:00:00,720,1.0,No Info,13587
Air India,2019-06-03,Delhi,Cochin,20:15:00,19:15:00,1380,2.0,No Info,13381
Indigo,2019-04-24,Kolkata,Banglore,19:35:00,23:15:00,220,1.0,No Info,4226
Jet Airways,2019-03-01,Banglore,New Delhi,18:40:00,00:45:00,365,1.0,No Info,35185
Multiple Carriers,2019-03-27,Delhi,Cochin,11:30:00,21:00:00,570,1.0,No Info,12537
Jet Airways,2019-06-06,Delhi,Cochin,10:00:00,19:00:00,540,1.0,No Info,14714
Air India,2019-06-09,Kolkata,Banglore,05:50:00,20:25:00,875,2.0,No Info,11201
Air India,2019-04-09,Banglore,Delhi,17:00:00,19:50:00,170,0.0,No Info,5911
Air Asia,2019-04-15,Kolkata,Banglore,07:35:00,19:25:00,710,1.0,No Info,5192
Spicejet,2019-06-06,Kolkata,Banglore,09:00:00,11:25:00,145,0.0,No check-in baggage included,3841
Air India,2019-04-21,Delhi,Cochin,05:10:00,08:00:00,170,0.0,No Info,6094
Jet Airways,2019-05-18,Kolkata,Banglore,18:55:00,04:40:00,585,1.0,No Info,13941
Indigo,2019-04-15,Banglore,Delhi,10:10:00,13:00:00,170,0.0,No Info,4423
Spicejet,2019-05-21,Kolkata,Banglore,17:10:00,19:40:00,150,0.0,No check-in baggage included,3841
Air India,2019-03-12,Banglore,New Delhi,08:50:00,23:25:00,875,2.0,No Info,13250
Jet Airways,2019-06-24,Mumbai,Hyderabad,19:35:00,21:05:00,90,0.0,No Info,5678
Indigo,2019-06-09,Kolkata,Banglore,09:20:00,14:15:00,295,1.0,No Info,11465
Jet Airways,2019-06-21,Banglore,Delhi,18:55:00,22:00:00,185,0.0,In-flight meal not included,7754
Air India,2019-03-09,Delhi,Cochin,05:55:00,19:15:00,800,2.0,No Info,18736
Jet Airways,2019-04-01,Kolkata,Banglore,16:30:00,18:15:00,1545,1.0,In-flight meal not included,7064
Indigo,2019-03-03,Delhi,Cochin,08:35:00,22:20:00,825,1.0,No Info,10236
Jet Airways,2019-05-09,Banglore,Delhi,18:55:00,22:00:00,185,0.0,In-flight meal not included,3702
Spicejet,2019-06-06,Kolkata,Banglore,11:15:00,18:30:00,435,1.0,No Info,10156
Jet Airways,2019-06-06,Kolkata,Banglore,09:35:00,14:25:00,1730,1.0,In-flight meal not included,10539
Jet Airways,2019-05-09,Kolkata,Banglore,06:30:00,10:05:00,1655,1.0,In-flight meal not included,8586
Air India,2019-03-01,Banglore,New Delhi,08:50:00,23:55:00,905,2.0,No Info,17345
Air India,2019-05-03,Banglore,Delhi,13:20:00,16:10:00,170,0.0,No Info,6121
Spicejet,2019-05-01,Chennai,Kolkata,08:20:00,10:35:00,135,0.0,No check-in baggage included,3543
Jet Airways,2019-05-06,Kolkata,Banglore,09:35:00,22:05:00,750,1.0,In-flight meal not included,10703
Air India,2019-06-06,Delhi,Cochin,13:20:00,19:15:00,1795,2.0,No Info,12961
Air India,2019-05-12,Kolkata,Banglore,12:00:00,21:50:00,590,2.0,No Info,10676
Air India,2019-06-01,Delhi,Cochin,05:15:00,19:15:00,2280,3.0,No Info,10703
Jet Airways,2019-03-06,Banglore,New Delhi,14:05:00,09:30:00,1165,1.0,No Info,17261
Air India,2019-05-21,Kolkata,Banglore,08:20:00,23:15:00,895,2.0,No Info,13164
Indigo,2019-03-15,Mumbai,Hyderabad,20:05:00,21:35:00,90,0.0,No Info,2754
Jet Airways,2019-05-24,Kolkata,Banglore,16:30:00,23:35:00,425,1.0,No Info,14571
Air India,2019-06-06,Delhi,Cochin,17:40:00,08:15:00,875,1.0,No Info,7258
Indigo,2019-06-01,Chennai,Kolkata,05:15:00,07:40:00,145,0.0,No Info,3540
Air India,2019-05-12,Kolkata,Banglore,09:25:00,18:30:00,545,1.0,No Info,8576
Spicejet,2019-03-27,Kolkata,Banglore,17:15:00,19:45:00,150,0.0,No Info,3847
Jet Airways,2019-06-06,Delhi,Cochin,11:30:00,04:25:00,1015,1.0,In-flight meal not included,10262
Multiple Carriers,2019-06-24,Delhi,Cochin,10:00:00,01:30:00,930,1.0,No Info,13377
Jet Airways,2019-06-09,Kolkata,Banglore,20:25:00,09:45:00,800,1.0,In-flight meal not included,13469
Jet Airways,2019-05-24,Delhi,Cochin,05:30:00,04:25:00,1375,2.0,No Info,15129
Indigo,2019-06-12,Delhi,Cochin,04:55:00,21:00:00,965,1.0,No Info,5894
Jet Airways,2019-05-24,Banglore,Delhi,17:45:00,20:45:00,180,0.0,No Info,7229
Jet Airways,2019-06-27,Banglore,Delhi,15:15:00,18:10:00,175,0.0,No Info,8016
Goair,2019-06-09,Banglore,Delhi,07:45:00,10:40:00,175,0.0,No Info,3898
Air India,2019-06-09,Delhi,Cochin,05:55:00,19:15:00,2240,2.0,No Info,10493
Indigo,2019-03-06,Delhi,Cochin,11:55:00,21:20:00,565,2.0,No Info,6610
Multiple Carriers,2019-06-24,Delhi,Cochin,19:00:00,01:30:00,390,1.0,No Info,7198
Jet Airways,2019-03-24,Kolkata,Banglore,21:10:00,16:20:00,1150,1.0,In-flight meal not included,10031
Indigo,2019-04-12,Kolkata,Banglore,22:15:00,00:50:00,155,0.0,No Info,4174
Multiple Carriers,2019-03-09,Delhi,Cochin,07:05:00,21:20:00,855,2.0,No Info,8620
Indigo,2019-03-09,Delhi,Cochin,06:40:00,21:20:00,880,2.0,No Info,8146
Jet Airways,2019-05-27,Delhi,Cochin,07:05:00,04:25:00,1280,1.0,In-flight meal not included,12898
Vistara ,2019-04-06,Banglore,Delhi,11:30:00,14:20:00,170,0.0,No Info,5969
Spicejet,2019-05-01,Mumbai,Hyderabad,13:15:00,14:45:00,90,0.0,No Info,2437
Indigo,2019-06-12,Delhi,Cochin,09:15:00,01:30:00,975,1.0,No Info,6628
Jet Airways,2019-05-06,Kolkata,Banglore,18:55:00,08:15:00,800,1.0,No Info,13584
Jet Airways,2019-03-06,Banglore,New Delhi,20:35:00,08:15:00,700,1.0,No Info,16736
Jet Airways,2019-05-06,Kolkata,Banglore,10:20:00,17:35:00,435,1.0,No Info,9358
Air India,2019-05-01,Kolkata,Banglore,09:10:00,21:50:00,760,2.0,No Info,12009
Vistara,2019-05-27,Banglore,Delhi,11:30:00,14:20:00,170,0.0,No Info,4668
Multiple Carriers,2019-05-18,Delhi,Cochin,11:40:00,19:15:00,455,1.0,No Info,9211
Spicejet,2019-06-12,Kolkata,Banglore,22:20:00,00:40:00,140,0.0,No check-in baggage included,3841
Jet Airways,2019-04-01,Kolkata,Banglore,06:30:00,12:00:00,330,1.0,In-flight meal not included,10056
Multiple Carriers,2019-06-03,Delhi,Cochin,10:00:00,21:00:00,660,1.0,No Info,9718
Jet Airways,2019-06-06,Kolkata,Banglore,09:35:00,18:00:00,505,1.0,No Info,12692
Indigo,2019-03-15,Banglore,New Delhi,13:00:00,15:50:00,170,0.0,No Info,6144
Vistara,2019-05-06,Banglore,Delhi,17:00:00,19:35:00,155,0.0,No Info,4878
Indigo,2019-05-21,Delhi,Cochin,17:05:00,22:15:00,310,1.0,No Info,6147
Jet Airways,2019-05-09,Delhi,Cochin,22:50:00,19:00:00,1210,1.0,In-flight meal not included,12373
Jet Airways,2019-06-24,Banglore,Delhi,07:10:00,10:10:00,180,0.0,In-flight meal not included,5769
Indigo,2019-03-09,Delhi,Cochin,05:35:00,08:50:00,195,0.0,No Info,6885
Jet Airways,2019-06-09,Kolkata,Banglore,18:55:00,04:40:00,585,1.0,No Info,14178
Indigo,2019-06-27,Delhi,Cochin,07:15:00,12:30:00,315,1.0,No Info,6582
Indigo,2019-03-27,Kolkata,Banglore,22:10:00,00:55:00,165,0.0,No Info,4148
Multiple Carriers,2019-05-18,Delhi,Cochin,09:00:00,21:00:00,720,1.0,No Info,8073
Jet Airways,2019-05-06,Kolkata,Banglore,17:00:00,15:05:00,1325,1.0,No Info,13067
Jet Airways,2019-06-12,Delhi,Cochin,05:30:00,04:25:00,1375,2.0,In-flight meal not included,10368
Indigo,2019-04-27,Banglore,Delhi,16:55:00,19:55:00,180,0.0,No Info,4823
Jet Airways,2019-03-24,Kolkata,Banglore,16:55:00,19:40:00,1605,1.0,No Info,14231
Indigo,2019-05-21,Kolkata,Banglore,21:25:00,00:05:00,160,0.0,No Info,4804
Indigo,2019-03-01,Mumbai,Hyderabad,16:55:00,18:25:00,90,0.0,No Info,8853
Jet Airways,2019-05-15,Kolkata,Banglore,21:10:00,10:05:00,775,1.0,No Info,15149
Jet Airways,2019-05-21,Banglore,Delhi,17:45:00,20:45:00,180,0.0,No Info,7229
Jet Airways,2019-03-12,Banglore,New Delhi,18:55:00,13:15:00,1100,1.0,In-flight meal not included,11087
Air India,2019-05-18,Kolkata,Banglore,16:45:00,12:30:00,1185,2.0,No Info,15170
Vistara,2019-04-01,Kolkata,Banglore,07:10:00,23:25:00,975,1.0,No Info,7927
Goair,2019-06-03,Delhi,Cochin,14:25:00,19:35:00,310,1.0,No Info,9069
Jet Airways,2019-05-09,Delhi,Cochin,19:15:00,04:25:00,550,1.0,In-flight meal not included,12373
Spicejet,2019-03-03,Kolkata,Banglore,09:00:00,11:30:00,150,0.0,No Info,5515
Jet Airways,2019-03-21,Banglore,New Delhi,19:55:00,22:35:00,160,0.0,No Info,7229
Jet Airways,2019-05-18,Kolkata,Banglore,18:55:00,08:15:00,800,1.0,No Info,13584
Jet Airways,2019-06-18,Banglore,Delhi,11:10:00,14:05:00,175,0.0,In-flight meal not included,5769
Spicejet,2019-06-01,Chennai,Kolkata,09:45:00,12:00:00,135,0.0,No check-in baggage included,3543
Air India,2019-03-15,Banglore,New Delhi,06:45:00,15:15:00,510,1.0,No Info,8714
Multiple Carriers,2019-06-27,Delhi,Cochin,08:00:00,21:00:00,780,1.0,No Info,7408
Jet Airways,2019-05-24,Kolkata,Banglore,20:00:00,20:45:00,1485,1.0,In-flight meal not included,10844
Air India,2019-03-21,Delhi,Cochin,12:20:00,19:15:00,1855,2.0,No Info,10703
Indigo,2019-06-15,Kolkata,Banglore,20:25:00,23:10:00,165,0.0,No Info,4804
Jet Airways,2019-03-06,Delhi,Cochin,07:05:00,04:25:00,1280,1.0,No Info,17234
Indigo,2019-04-24,Kolkata,Banglore,14:25:00,16:55:00,150,0.0,No Info,4804
Multiple Carriers,2019-06-24,Delhi,Cochin,10:20:00,01:30:00,910,1.0,In-flight meal not included,5797
Multiple Carriers,2019-06-06,Delhi,Cochin,06:00:00,19:15:00,795,1.0,No Info,8266
Jet Airways,2019-06-27,Delhi,Cochin,11:30:00,12:35:00,1505,1.0,In-flight meal not included,10262
Jet Airways,2019-06-12,Delhi,Cochin,14:35:00,12:35:00,1320,2.0,In-flight meal not included,10919
Jet Airways,2019-03-15,Banglore,New Delhi,09:45:00,14:25:00,280,1.0,In-flight meal not included,6136
Goair,2019-06-27,Banglore,Delhi,11:40:00,14:30:00,170,0.0,No Info,3898
Air India,2019-03-06,Delhi,Cochin,12:30:00,09:25:00,1255,1.0,No Info,13832
Indigo,2019-06-21,Delhi,Cochin,14:25:00,17:40:00,195,0.0,No Info,5000
Multiple Carriers,2019-03-06,Delhi,Cochin,07:30:00,19:15:00,705,1.0,No Info,15353
Indigo,2019-06-09,Delhi,Cochin,10:35:00,01:30:00,895,1.0,No Info,6104
Jet Airways,2019-06-09,Delhi,Cochin,10:00:00,04:25:00,1105,1.0,In-flight meal not included,10262
Indigo,2019-03-03,Delhi,Cochin,06:40:00,16:10:00,570,1.0,No Info,9027
Indigo,2019-06-12,Delhi,Cochin,07:35:00,22:30:00,895,1.0,No Info,6442
Spicejet,2019-03-18,Mumbai,Hyderabad,22:45:00,00:10:00,85,0.0,No Info,2017
Jet Airways,2019-03-24,Kolkata,Banglore,21:10:00,04:45:00,455,1.0,No Info,13759
Goair,2019-03-24,Banglore,New Delhi,11:40:00,14:35:00,175,0.0,No Info,3898
Air India,2019-06-03,Delhi,Cochin,13:15:00,09:25:00,1210,2.0,No Info,10467
Air Asia,2019-03-18,Kolkata,Banglore,19:35:00,22:05:00,150,0.0,No Info,4384
Air India,2019-06-01,Delhi,Cochin,05:15:00,07:40:00,1585,3.0,No Info,12383
Indigo,2019-05-12,Kolkata,Banglore,21:00:00,02:15:00,315,1.0,No Info,7228
Indigo,2019-05-27,Banglore,Delhi,08:30:00,11:20:00,170,0.0,No Info,4823
Jet Airways,2019-06-03,Delhi,Cochin,10:00:00,19:00:00,540,1.0,In-flight meal not included,10262
Jet Airways,2019-06-06,Kolkata,Banglore,20:25:00,14:25:00,1080,1.0,In-flight meal not included,10539
Jet Airways,2019-06-06,Delhi,Cochin,09:40:00,12:35:00,1615,2.0,In-flight meal not included,11733
Air India,2019-05-09,Delhi,Cochin,07:05:00,07:40:00,1475,2.0,No Info,13547
Jet Airways,2019-05-01,Delhi,Cochin,05:30:00,04:25:00,1375,2.0,No Info,15129
Multiple Carriers,2019-06-12,Delhi,Cochin,08:50:00,19:00:00,610,1.0,No Info,10877
Air India,2019-06-01,Mumbai,Hyderabad,21:05:00,22:25:00,80,0.0,No Info,3100
Jet Airways,2019-03-01,Banglore,New Delhi,05:45:00,19:10:00,805,1.0,No Info,27992
Air Asia,2019-03-09,Kolkata,Banglore,10:20:00,12:55:00,155,0.0,No Info,4384
Vistara,2019-03-12,Mumbai,Hyderabad,08:45:00,22:55:00,850,1.0,No Info,12080
Vistara,2019-06-09,Kolkata,Banglore,07:10:00,09:05:00,1555,1.0,No Info,9397
Indigo,2019-05-15,Kolkata,Banglore,14:25:00,16:55:00,150,0.0,No Info,5224
Spicejet,2019-06-06,Delhi,Cochin,06:05:00,11:20:00,315,1.0,No Info,5583
Jet Airways,2019-03-21,Banglore,New Delhi,05:45:00,13:15:00,450,1.0,In-flight meal not included,7832
Air India,2019-06-27,Kolkata,Banglore,20:45:00,23:20:00,155,0.0,No Info,4145
Jet Airways,2019-03-01,Banglore,New Delhi,08:55:00,15:15:00,380,1.0,No Info,26890
Indigo,2019-03-03,Banglore,New Delhi,18:55:00,21:45:00,170,0.0,No Info,8855
Vistara,2019-03-24,Kolkata,Banglore,20:20:00,22:55:00,1595,1.0,No Info,11682
Spicejet,2019-04-03,Mumbai,Hyderabad,22:45:00,00:15:00,90,0.0,No Info,1759
Vistara,2019-06-09,Kolkata,Banglore,20:20:00,23:25:00,1625,1.0,No Info,8085
Jet Airways,2019-05-06,Kolkata,Banglore,20:25:00,10:55:00,870,1.0,No Info,13067
Jet Airways,2019-04-01,Banglore,Delhi,18:55:00,22:00:00,185,0.0,No Info,7229
Jet Airways,2019-06-06,Delhi,Cochin,02:15:00,12:35:00,620,1.0,In-flight meal not included,10262
Multiple Carriers,2019-03-03,Delhi,Cochin,10:20:00,21:00:00,640,1.0,No Info,15147
Indigo,2019-05-01,Kolkata,Banglore,11:30:00,14:05:00,155,0.0,No Info,5644
Jet Airways,2019-05-15,Kolkata,Banglore,16:30:00,04:40:00,730,1.0,In-flight meal not included,10844
Jet Airways,2019-03-06,Banglore,New Delhi,14:05:00,05:05:00,900,1.0,In-flight meal not included,13502
Air India,2019-05-09,Delhi,Cochin,06:50:00,07:40:00,1490,2.0,No Info,14431
Indigo,2019-03-09,Banglore,New Delhi,08:30:00,11:30:00,180,0.0,No Info,7648
Jet Airways,2019-05-12,Kolkata,Banglore,16:30:00,16:20:00,1430,1.0,In-flight meal not included,10844
Indigo,2019-06-15,Banglore,Delhi,18:25:00,21:20:00,175,0.0,No Info,4823
Air Asia,2019-06-09,Delhi,Cochin,07:55:00,15:45:00,470,1.0,No Info,8759
Air India,2019-05-06,Kolkata,Banglore,16:45:00,12:00:00,1155,2.0,No Info,14120
Jet Airways,2019-06-12,Delhi,Cochin,02:15:00,19:00:00,1005,1.0,No Info,14714
Air India,2019-06-27,Delhi,Cochin,13:00:00,19:15:00,375,1.0,No Info,8372
Indigo,2019-06-06,Kolkata,Banglore,22:15:00,00:50:00,155,0.0,No Info,4804
Multiple Carriers ,2019-03-21,Delhi,Cochin,06:00:00,18:50:00,770,1.0,No Info,14629
Indigo,2019-03-09,Kolkata,Banglore,17:15:00,19:55:00,160,0.0,No Info,4778
Vistara,2019-05-21,Kolkata,Banglore,17:00:00,18:50:00,1550,1.0,No Info,9345
Jet Airways,2019-03-27,Delhi,Cochin,05:25:00,04:25:00,1380,2.0,In-flight meal not included,9254
Vistara,2019-03-24,Kolkata,Banglore,17:00:00,20:25:00,1645,1.0,No Info,12102
Indigo,2019-06-01,Delhi,Cochin,14:25:00,17:40:00,195,0.0,No Info,6015
Jet Airways,2019-05-18,Kolkata,Banglore,18:55:00,18:15:00,1400,1.0,In-flight meal not included,10844
Indigo,2019-06-18,Banglore,Delhi,20:00:00,22:50:00,170,0.0,No Info,4823
Jet Airways,2019-05-18,Kolkata,Banglore,21:10:00,09:20:00,730,1.0,No Info,14388
Indigo,2019-05-15,Mumbai,Hyderabad,21:20:00,22:50:00,90,0.0,No Info,2227
Air India,2019-06-27,Delhi,Cochin,20:40:00,09:25:00,765,1.0,No Info,7480
Air India,2019-06-18,Mumbai,Hyderabad,15:00:00,16:25:00,85,0.0,No Info,3100
Multiple Carriers,2019-06-09,Delhi,Cochin,19:00:00,01:30:00,390,1.0,No Info,7408
Goair,2019-05-18,Kolkata,Banglore,16:40:00,00:15:00,455,1.0,No Info,10586
Air India,2019-03-15,Banglore,New Delhi,06:10:00,08:55:00,165,0.0,No Info,7276
Jet Airways,2019-05-24,Kolkata,Banglore,17:00:00,23:35:00,395,1.0,No Info,14151
Multiple Carriers,2019-05-21,Delhi,Cochin,08:45:00,21:00:00,735,1.0,No Info,7485
Air India,2019-06-01,Delhi,Cochin,13:30:00,23:00:00,570,1.0,No Info,8907
Jet Airways,2019-03-12,Banglore,New Delhi,18:55:00,18:25:00,1410,1.0,In-flight meal not included,11087
Spicejet,2019-03-15,Kolkata,Banglore,22:20:00,00:40:00,140,0.0,No check-in baggage included,3815
Indigo,2019-06-09,Kolkata,Banglore,19:35:00,23:15:00,220,1.0,No Info,5276
Multiple Carriers,2019-05-09,Delhi,Cochin,10:00:00,19:15:00,555,1.0,No Info,14323
Air India,2019-06-03,Banglore,Delhi,10:00:00,12:45:00,165,0.0,No Info,6961
Indigo,2019-05-21,Banglore,Delhi,20:00:00,22:50:00,170,0.0,No Info,4823
Jet Airways,2019-05-21,Kolkata,Banglore,21:10:00,04:40:00,450,1.0,In-flight meal not included,8586
Jet Airways,2019-05-18,Kolkata,Banglore,21:10:00,10:05:00,775,1.0,In-flight meal not included,8586
Jet Airways,2019-06-06,Kolkata,Banglore,09:35:00,10:55:00,1520,1.0,In-flight meal not included,10539
Jet Airways,2019-05-18,Delhi,Cochin,18:15:00,12:35:00,1100,1.0,In-flight meal not included,12373
Jet Airways,2019-06-27,Banglore,Delhi,18:55:00,22:00:00,185,0.0,No Info,8016
Indigo,2019-04-12,Kolkata,Banglore,11:30:00,14:05:00,155,0.0,No Info,4174
Spicejet,2019-06-12,Kolkata,Banglore,11:35:00,18:50:00,435,1.0,No Info,8479
Vistara,2019-04-09,Banglore,Delhi,21:00:00,23:50:00,170,0.0,No Info,5403
Jet Airways,2019-06-09,Kolkata,Banglore,18:55:00,08:15:00,800,1.0,In-flight meal not included,11841
Jet Airways,2019-06-06,Delhi,Cochin,21:25:00,12:35:00,910,2.0,In-flight meal not included,11270
Jet Airways,2019-05-18,Kolkata,Banglore,05:45:00,12:00:00,375,1.0,In-flight meal not included,8586
Indigo,2019-05-09,Delhi,Cochin,18:35:00,01:30:00,415,1.0,No Info,8542
Air Asia,2019-03-27,Delhi,Cochin,16:45:00,22:15:00,330,1.0,No Info,6151
Jet Airways,2019-05-21,Mumbai,Hyderabad,02:55:00,04:20:00,85,0.0,In-flight meal not included,4050
Air India,2019-06-01,Delhi,Cochin,16:55:00,19:15:00,1580,2.0,No Info,13801
Multiple Carriers,2019-06-12,Delhi,Cochin,09:00:00,19:15:00,615,1.0,No Info,14848
Air Asia,2019-05-09,Delhi,Cochin,16:45:00,22:25:00,340,1.0,No Info,6752
Jet Airways,2019-05-15,Mumbai,Hyderabad,02:55:00,04:20:00,85,0.0,No Info,5678
Air India,2019-03-03,Delhi,Cochin,09:45:00,09:25:00,1420,1.0,No Info,24017
Jet Airways,2019-03-21,Banglore,New Delhi,14:05:00,20:20:00,375,1.0,In-flight meal not included,7832
Jet Airways,2019-06-21,Banglore,Delhi,17:45:00,20:45:00,180,0.0,In-flight meal not included,7754
Jet Airways,2019-05-09,Delhi,Cochin,13:00:00,19:00:00,360,1.0,No Info,15554
Multiple Carriers,2019-06-27,Delhi,Cochin,15:05:00,01:30:00,625,2.0,No Info,15965
Jet Airways,2019-06-06,Mumbai,Hyderabad,10:20:00,11:50:00,90,0.0,No Info,8040
Jet Airways,2019-05-06,Kolkata,Banglore,20:25:00,23:35:00,1630,1.0,No Info,10953
Multiple Carriers,2019-06-12,Delhi,Cochin,10:00:00,19:15:00,555,1.0,No Info,14848
Air India,2019-05-15,Delhi,Cochin,05:00:00,19:15:00,2295,2.0,No Info,10493
Jet Airways,2019-06-12,Kolkata,Banglore,17:00:00,14:25:00,1285,1.0,No Info,12692
Jet Airways,2019-06-01,Banglore,Delhi,18:55:00,22:00:00,185,0.0,No Info,8016
Multiple Carriers,2019-06-06,Delhi,Cochin,09:45:00,16:10:00,385,1.0,No Info,9646
Vistara,2019-03-24,Kolkata,Banglore,07:10:00,20:25:00,795,1.0,No Info,13152
Indigo,2019-06-09,Chennai,Kolkata,22:05:00,00:25:00,140,0.0,No Info,5277
Jet Airways,2019-03-21,Banglore,New Delhi,05:45:00,15:15:00,570,1.0,In-flight meal not included,7832
Indigo,2019-04-15,Delhi,Cochin,05:05:00,12:10:00,425,1.0,No Info,6287
Jet Airways,2019-03-09,Banglore,New Delhi,08:00:00,09:30:00,1530,1.0,In-flight meal not included,11087
Spicejet,2019-03-24,Chennai,Kolkata,09:30:00,12:05:00,155,0.0,No check-in baggage included,3807
Jet Airways,2019-06-27,Delhi,Cochin,19:10:00,19:00:00,1430,2.0,No Info,12819
Jet Airways,2019-06-03,Delhi,Cochin,21:50:00,04:25:00,395,1.0,No Info,16079
Indigo,2019-04-06,Banglore,Delhi,18:25:00,21:20:00,175,0.0,No Info,4823
Indigo,2019-04-24,Kolkata,Banglore,09:35:00,12:20:00,165,0.0,No Info,4804
Spicejet,2019-06-12,Kolkata,Banglore,09:00:00,11:25:00,145,0.0,No Info,3873
Multiple Carriers,2019-03-03,Delhi,Cochin,10:00:00,21:00:00,660,1.0,No Info,16863
Jet Airways,2019-04-09,Delhi,Cochin,13:25:00,12:35:00,1390,2.0,No Info,9483
Multiple Carriers,2019-03-21,Delhi,Cochin,07:05:00,21:00:00,835,1.0,No Info,13062
Air India,2019-03-03,Delhi,Cochin,19:45:00,19:15:00,1410,2.0,No Info,12856
Multiple Carriers,2019-03-27,Delhi,Cochin,07:05:00,15:30:00,505,1.0,No Info,12537
Air India,2019-06-01,Delhi,Cochin,22:00:00,19:15:00,1275,2.0,No Info,10441
Jet Airways,2019-06-24,Delhi,Cochin,11:00:00,14:15:00,195,0.0,In-flight meal not included,4256
Jet Airways,2019-05-01,Banglore,Delhi,07:10:00,10:10:00,180,0.0,In-flight meal not included,4030
Jet Airways,2019-06-09,Kolkata,Banglore,09:35:00,21:05:00,690,1.0,In-flight meal not included,13994
Jet Airways,2019-06-09,Kolkata,Banglore,21:10:00,09:20:00,730,1.0,In-flight meal not included,11841
Jet Airways,2019-06-09,Kolkata,Banglore,21:10:00,18:15:00,1265,1.0,No Info,14571
Spicejet,2019-05-03,Kolkata,Banglore,06:55:00,09:30:00,155,0.0,No Info,3873
Jet Airways,2019-06-09,Kolkata,Banglore,06:30:00,04:40:00,1330,1.0,No Info,14178
Air India,2019-03-03,Delhi,Cochin,05:55:00,07:40:00,1545,2.0,No Info,15428
Air India,2019-05-27,Delhi,Cochin,12:00:00,19:15:00,435,2.0,No Info,9653
Indigo,2019-05-09,Banglore,Delhi,08:30:00,11:20:00,170,0.0,No Info,4823
Jet Airways,2019-05-15,Kolkata,Banglore,16:30:00,12:00:00,1170,1.0,In-flight meal not included,10844
Jet Airways,2019-06-27,Delhi,Cochin,22:50:00,12:35:00,825,1.0,In-flight meal not included,10262
Jet Airways,2019-06-06,Delhi,Cochin,21:50:00,19:00:00,1270,1.0,In-flight meal not included,10262
Jet Airways,2019-06-12,Delhi,Cochin,20:55:00,04:25:00,450,1.0,No Info,14714
Spicejet,2019-05-06,Kolkata,Banglore,06:55:00,09:30:00,155,0.0,No check-in baggage included,3841
Indigo,2019-06-15,Chennai,Kolkata,19:35:00,21:55:00,140,0.0,No Info,3597
Spicejet,2019-06-27,Kolkata,Banglore,17:10:00,19:40:00,150,0.0,No Info,3873
Jet Airways,2019-03-06,Banglore,New Delhi,14:05:00,08:15:00,1090,1.0,No Info,14815
Air India,2019-03-09,Delhi,Cochin,20:15:00,19:15:00,1380,2.0,No Info,19681
Indigo,2019-04-21,Kolkata,Banglore,20:20:00,22:55:00,155,0.0,No Info,4804
Multiple Carriers,2019-03-06,Delhi,Cochin,11:35:00,21:00:00,565,3.0,No Info,21829
Jet Airways,2019-05-09,Kolkata,Banglore,14:05:00,23:35:00,570,1.0,In-flight meal not included,10844
Indigo,2019-05-15,Banglore,Delhi,06:05:00,08:50:00,165,0.0,No Info,4423
Indigo,2019-05-09,Delhi,Cochin,11:25:00,21:00:00,575,1.0,No Info,6979
Jet Airways,2019-05-27,Delhi,Cochin,07:05:00,12:35:00,330,1.0,No Info,16289
Indigo,2019-06-03,Mumbai,Hyderabad,21:20:00,22:50:00,90,0.0,No Info,2227
Air India,2019-03-03,Delhi,Cochin,19:45:00,19:15:00,1410,2.0,No Info,12646
Jet Airways,2019-06-27,Delhi,Cochin,23:05:00,04:25:00,1760,2.0,In-flight meal not included,11150
Air India,2019-06-06,Kolkata,Banglore,10:00:00,05:25:00,1165,2.0,No Info,13007
Indigo,2019-03-03,Banglore,New Delhi,16:55:00,19:45:00,170,0.0,No Info,8855
Jet Airways,2019-06-09,Delhi,Cochin,15:00:00,04:25:00,805,1.0,In-flight meal not included,10262
Multiple Carriers,2019-06-06,Delhi,Cochin,11:40:00,19:00:00,440,1.0,No Info,11789
Indigo,2019-06-18,Delhi,Cochin,05:35:00,08:50:00,195,0.0,No Info,5000
Multiple Carriers ,2019-03-21,Delhi,Cochin,06:00:00,15:30:00,570,1.0,No Info,11269
Air India,2019-03-18,Banglore,New Delhi,08:50:00,10:35:00,1545,2.0,No Info,11885
Jet Airways,2019-06-21,Banglore,Delhi,15:15:00,18:10:00,175,0.0,No Info,8016
Indigo,2019-05-01,Mumbai,Hyderabad,19:05:00,20:35:00,90,0.0,No Info,2754
Indigo,2019-06-27,Banglore,Delhi,18:55:00,21:50:00,175,0.0,No Info,4990
Multiple Carriers,2019-05-21,Delhi,Cochin,10:20:00,01:30:00,910,1.0,No Info,7485
Multiple Carriers,2019-06-27,Delhi,Cochin,17:30:00,01:30:00,480,1.0,No Info,13377
Jet Airways,2019-05-09,Kolkata,Banglore,20:00:00,12:00:00,960,1.0,In-flight meal not included,9663
Jet Airways,2019-06-01,Delhi,Cochin,14:35:00,12:35:00,1320,2.0,In-flight meal not included,10919
Multiple Carriers,2019-06-27,Delhi,Cochin,10:20:00,19:00:00,520,1.0,No Info,11264
Jet Airways,2019-04-21,Banglore,Delhi,18:55:00,22:00:00,185,0.0,In-flight meal not included,4544
Jet Airways,2019-05-12,Kolkata,Banglore,16:30:00,12:00:00,1170,1.0,In-flight meal not included,10844
Multiple Carriers,2019-05-27,Delhi,Cochin,13:00:00,21:00:00,480,1.0,No Info,13587
Jet Airways,2019-06-12,Delhi,Cochin,08:00:00,19:00:00,660,1.0,No Info,14924
Jet Airways,2019-06-06,Delhi,Cochin,07:05:00,19:00:00,715,1.0,In-flight meal not included,10262
Vistara,2019-06-12,Chennai,Kolkata,07:05:00,09:20:00,135,0.0,No Info,3687
Spicejet,2019-03-18,Chennai,Kolkata,09:30:00,12:05:00,155,0.0,No check-in baggage included,3807
Spicejet,2019-05-27,Banglore,Delhi,05:55:00,08:35:00,160,0.0,No Info,3311
Indigo,2019-03-09,Banglore,New Delhi,07:10:00,10:05:00,175,0.0,No Info,7303
Multiple Carriers,2019-06-03,Delhi,Cochin,04:55:00,12:35:00,460,1.0,No Info,11622
Multiple Carriers,2019-06-09,Delhi,Cochin,10:00:00,19:00:00,540,1.0,No Info,12192
Indigo,2019-05-15,Banglore,Delhi,13:00:00,15:50:00,170,0.0,No Info,3943
Spicejet,2019-05-03,Banglore,Delhi,05:55:00,08:35:00,160,0.0,No Info,3625
Multiple Carriers,2019-05-21,Delhi,Cochin,09:45:00,18:10:00,505,1.0,No Info,9646
Jet Airways,2019-03-15,Mumbai,Hyderabad,07:10:00,08:35:00,85,0.0,No Info,8040
Jet Airways,2019-05-15,Banglore,Delhi,06:00:00,08:45:00,165,0.0,In-flight meal not included,4030
Multiple Carriers,2019-05-21,Delhi,Cochin,13:00:00,19:15:00,375,1.0,No Info,14848
Multiple Carriers,2019-06-15,Delhi,Cochin,06:00:00,19:15:00,795,1.0,No Info,9526
Air India,2019-03-27,Delhi,Cochin,17:40:00,08:15:00,875,1.0,No Info,5998
Spicejet,2019-03-12,Chennai,Kolkata,08:20:00,10:35:00,135,0.0,No Info,6300
Vistara,2019-03-09,Banglore,New Delhi,11:30:00,14:10:00,160,0.0,No Info,9918
Air India,2019-06-03,Delhi,Cochin,07:10:00,19:15:00,725,2.0,No Info,12698
Multiple Carriers,2019-05-27,Delhi,Cochin,07:30:00,19:15:00,705,1.0,No Info,10786
Spicejet,2019-04-12,Kolkata,Banglore,17:10:00,19:40:00,150,0.0,No check-in baggage included,3841
Multiple Carriers,2019-05-09,Delhi,Cochin,17:30:00,01:30:00,480,1.0,No Info,15078
Air India,2019-06-12,Chennai,Kolkata,11:40:00,13:55:00,135,0.0,No Info,4667
Air India,2019-04-15,Banglore,Delhi,10:00:00,12:45:00,165,0.0,No Info,6121
Air India,2019-05-21,Kolkata,Banglore,10:00:00,23:15:00,795,1.0,No Info,11936
Multiple Carriers,2019-05-27,Delhi,Cochin,11:25:00,19:15:00,470,1.0,No Info,8625
Jet Airways,2019-03-01,Banglore,New Delhi,05:45:00,16:10:00,625,1.0,No Info,26890
Vistara,2019-04-24,Banglore,Delhi,17:00:00,19:35:00,155,0.0,No Info,5613
Spicejet,2019-03-01,Mumbai,Hyderabad,05:45:00,07:05:00,80,0.0,No Info,12475
Jet Airways,2019-06-12,Kolkata,Banglore,14:05:00,12:00:00,1315,1.0,In-flight meal not included,8529
Spicejet,2019-05-18,Mumbai,Hyderabad,13:15:00,14:45:00,90,0.0,No Info,2227
Jet Airways,2019-06-06,Delhi,Cochin,14:35:00,04:25:00,830,2.0,In-flight meal not included,10919
Multiple Carriers,2019-06-03,Delhi,Cochin,09:15:00,19:00:00,585,1.0,No Info,11622
Air India,2019-06-03,Kolkata,Banglore,14:15:00,16:45:00,150,0.0,No Info,5510
Indigo,2019-03-27,Delhi,Cochin,11:30:00,21:00:00,570,1.0,No Info,6416
Air Asia,2019-05-21,Banglore,Delhi,04:55:00,07:45:00,170,0.0,No Info,3383
Air India,2019-05-09,Kolkata,Banglore,20:45:00,23:20:00,155,0.0,No Info,4145
Indigo,2019-06-01,Chennai,Kolkata,13:15:00,15:35:00,140,0.0,No Info,3597
Vistara,2019-03-09,Chennai,Kolkata,07:05:00,09:20:00,135,0.0,No Info,6627
Multiple Carriers,2019-06-03,Delhi,Cochin,11:25:00,19:00:00,455,1.0,No Info,10877
Jet Airways,2019-05-27,Banglore,Delhi,18:55:00,22:00:00,185,0.0,In-flight meal not included,3359
Air India,2019-06-09,Kolkata,Banglore,07:00:00,05:25:00,1345,2.0,No Info,12534
Jet Airways,2019-06-09,Delhi,Cochin,21:50:00,12:35:00,885,1.0,In-flight meal not included,10262
Spicejet,2019-05-27,Kolkata,Banglore,06:55:00,09:30:00,155,0.0,No Info,3873
Jet Airways,2019-03-01,Banglore,New Delhi,14:05:00,09:00:00,1135,1.0,No Info,20800
Air India,2019-03-21,Delhi,Cochin,13:15:00,09:25:00,1210,2.0,No Info,7107
Multiple Carriers,2019-03-06,Delhi,Cochin,09:00:00,15:30:00,390,1.0,In-flight meal not included,15136
Vistara,2019-06-12,Kolkata,Banglore,20:20:00,09:05:00,765,1.0,No Info,7927
Jet Airways,2019-05-15,Kolkata,Banglore,18:55:00,22:35:00,1660,1.0,In-flight meal not included,10844
Jet Airways,2019-03-21,Banglore,New Delhi,07:00:00,15:15:00,495,1.0,In-flight meal not included,7832
Spicejet,2019-03-24,Banglore,New Delhi,09:35:00,12:30:00,175,0.0,No Info,4377
Jet Airways,2019-06-24,Delhi,Cochin,21:50:00,04:25:00,395,1.0,No Info,14714
Indigo,2019-05-12,Delhi,Cochin,21:05:00,00:20:00,195,0.0,No Info,8626
Jet Airways,2019-05-21,Delhi,Cochin,13:25:00,12:35:00,1390,2.0,No Info,15129
Jet Airways,2019-06-06,Kolkata,Banglore,10:20:00,17:35:00,435,1.0,In-flight meal not included,9689
Spicejet,2019-03-15,Kolkata,Banglore,09:00:00,11:30:00,150,0.0,No Info,3847
Spicejet,2019-06-21,Chennai,Kolkata,17:45:00,20:05:00,140,0.0,No Info,3597
Indigo,2019-04-06,Delhi,Cochin,20:25:00,01:30:00,305,1.0,No Info,5073
Jet Airways,2019-05-18,Kolkata,Banglore,17:00:00,21:05:00,1685,1.0,No Info,14151
Multiple Carriers,2019-05-27,Delhi,Cochin,07:05:00,21:00:00,835,1.0,In-flight meal not included,10406
Multiple Carriers,2019-06-12,Delhi,Cochin,06:00:00,12:35:00,395,1.0,No Info,11789
Air India,2019-06-03,Delhi,Cochin,16:40:00,19:15:00,1595,2.0,No Info,9968
Indigo,2019-03-21,Delhi,Cochin,07:30:00,21:00:00,810,1.0,No Info,8784
Jet Airways,2019-06-09,Delhi,Cochin,17:30:00,04:25:00,655,1.0,In-flight meal not included,10262
Indigo,2019-06-24,Banglore,Delhi,18:55:00,21:50:00,175,0.0,No Info,4823
Multiple Carriers,2019-06-24,Delhi,Cochin,08:45:00,19:15:00,630,1.0,No Info,9001
Jet Airways,2019-03-24,Banglore,New Delhi,08:55:00,09:00:00,1445,1.0,In-flight meal not included,8147
Multiple Carriers,2019-06-12,Delhi,Cochin,13:05:00,22:30:00,565,1.0,No Info,9646
Air Asia,2019-06-03,Banglore,Delhi,11:10:00,13:55:00,165,0.0,No Info,4483
Indigo,2019-06-27,Banglore,Delhi,22:10:00,01:00:00,170,0.0,No Info,3419
Vistara,2019-06-03,Delhi,Cochin,14:40:00,17:50:00,190,0.0,No Info,6216
Jet Airways,2019-06-09,Kolkata,Banglore,20:00:00,09:20:00,800,1.0,In-flight meal not included,11841
Jet Airways,2019-03-06,Banglore,New Delhi,08:00:00,05:05:00,1265,1.0,No Info,14815
Indigo,2019-05-18,Kolkata,Banglore,15:30:00,18:05:00,155,0.0,No Info,4804
Jet Airways,2019-03-15,Banglore,New Delhi,08:00:00,15:15:00,435,1.0,In-flight meal not included,9134
Jet Airways,2019-05-21,Delhi,Cochin,19:45:00,04:25:00,520,1.0,In-flight meal not included,12898
Jet Airways,2019-06-06,Delhi,Cochin,19:30:00,12:35:00,1025,2.0,In-flight meal not included,11733
Jet Airways,2019-05-18,Kolkata,Banglore,14:05:00,19:50:00,345,1.0,No Info,14781
Jet Airways,2019-05-01,Kolkata,Banglore,20:00:00,09:20:00,800,1.0,In-flight meal not included,9663
Indigo,2019-05-06,Banglore,Delhi,10:10:00,13:00:00,170,0.0,No Info,3943
Indigo,2019-06-24,Delhi,Cochin,08:30:00,21:00:00,750,1.0,No Info,6093
Indigo,2019-03-27,Delhi,Cochin,07:35:00,16:10:00,515,1.0,No Info,6442
Jet Airways,2019-05-01,Kolkata,Banglore,14:05:00,08:15:00,1090,1.0,No Info,13941
Air India,2019-05-21,Delhi,Cochin,17:40:00,23:00:00,320,1.0,No Info,8067
Jet Airways,2019-06-21,Banglore,Delhi,08:20:00,11:20:00,180,0.0,No Info,8016
Jet Airways,2019-05-09,Delhi,Cochin,13:00:00,04:25:00,925,1.0,In-flight meal not included,12373
Jet Airways,2019-03-06,Banglore,New Delhi,05:45:00,10:25:00,280,1.0,No Info,19225
Air India,2019-03-27,Delhi,Cochin,05:00:00,19:15:00,2295,2.0,No Info,8026
Jet Airways,2019-06-03,Delhi,Cochin,02:15:00,12:35:00,620,1.0,No Info,14714
Spicejet,2019-03-01,Chennai,Kolkata,08:20:00,10:35:00,135,0.0,No Info,7298
Vistara,2019-05-15,Banglore,Delhi,19:30:00,22:15:00,165,0.0,No Info,4878
Spicejet,2019-05-27,Delhi,Cochin,06:05:00,11:20:00,315,1.0,No Info,6749
Jet Airways,2019-05-27,Delhi,Cochin,09:00:00,19:00:00,600,1.0,No Info,16079
Air India,2019-06-27,Delhi,Cochin,07:00:00,19:15:00,735,1.0,No Info,8669
Jet Airways,2019-06-09,Kolkata,Banglore,14:05:00,19:50:00,345,1.0,In-flight meal not included,10844
Air India,2019-05-06,Delhi,Cochin,09:45:00,09:25:00,1420,,No Info,7480
Indigo,2019-06-03,Kolkata,Banglore,15:30:00,18:05:00,155,0.0,No Info,4804
Jet Airways,2019-05-18,Delhi,Cochin,21:50:00,04:25:00,395,1.0,No Info,15554
Air India,2019-03-09,Banglore,New Delhi,06:50:00,12:15:00,325,1.0,No Info,5118
Multiple Carriers,2019-06-06,Delhi,Cochin,08:00:00,21:00:00,780,1.0,No Info,13587
Air India,2019-06-01,Delhi,Cochin,12:00:00,07:40:00,1180,2.0,No Info,10966
Air India,2019-03-01,Banglore,New Delhi,06:45:00,11:10:00,1705,2.0,No Info,20999
Jet Airways,2019-06-06,Delhi,Cochin,17:30:00,19:00:00,1530,1.0,No Info,14714
Indigo,2019-04-06,Kolkata,Banglore,06:15:00,10:30:00,255,1.0,No Info,4226
Spicejet,2019-03-24,Kolkata,Banglore,11:35:00,18:50:00,435,1.0,No Info,9923
Jet Airways,2019-05-21,Delhi,Cochin,02:15:00,19:00:00,1005,1.0,No Info,16079
Indigo,2019-03-09,Banglore,New Delhi,21:20:00,00:15:00,175,0.0,No Info,6144
Spicejet,2019-06-03,Kolkata,Banglore,22:20:00,00:40:00,140,0.0,No check-in baggage included,3841
Air India,2019-06-12,Kolkata,Banglore,20:30:00,20:25:00,1435,1.0,No Info,10203
Vistara,2019-06-09,Banglore,Delhi,11:30:00,14:20:00,170,0.0,No Info,4668
Indigo,2019-03-21,Chennai,Kolkata,05:15:00,07:35:00,140,0.0,No Info,4326
Jet Airways,2019-03-21,Banglore,New Delhi,09:45:00,14:25:00,280,1.0,In-flight meal not included,7280
Indigo,2019-05-21,Kolkata,Banglore,14:25:00,16:55:00,150,0.0,No Info,5224
Air India,2019-06-06,Delhi,Cochin,10:55:00,19:15:00,500,2.0,No Info,11753
Air India,2019-05-21,Delhi,Cochin,09:30:00,23:00:00,810,1.0,No Info,8907
Jet Airways,2019-05-21,Kolkata,Banglore,06:30:00,10:05:00,1655,1.0,In-flight meal not included,8586
Indigo,2019-05-21,Chennai,Kolkata,13:15:00,15:35:00,140,0.0,No Info,3597
Indigo,2019-04-01,Kolkata,Banglore,15:30:00,18:05:00,155,0.0,No Info,4174
Indigo,2019-05-06,Kolkata,Banglore,19:20:00,23:45:00,265,1.0,No Info,3809
Spicejet,2019-04-21,Delhi,Cochin,08:45:00,13:15:00,270,1.0,No Info,6460
Jet Airways,2019-06-15,Delhi,Cochin,19:15:00,12:35:00,1040,1.0,In-flight meal not included,10262
Indigo,2019-03-01,Banglore,New Delhi,16:55:00,19:45:00,170,0.0,No Info,12649
Indigo,2019-03-12,Kolkata,Banglore,20:25:00,23:05:00,160,0.0,No Info,4148
Air India,2019-03-24,Kolkata,Banglore,07:00:00,10:00:00,1620,2.0,No Info,11491
Multiple Carriers,2019-05-09,Delhi,Cochin,10:35:00,19:15:00,520,1.0,No Info,7575
Jet Airways,2019-06-12,Kolkata,Banglore,18:55:00,12:00:00,1025,1.0,No Info,13044
Multiple Carriers,2019-03-06,Delhi,Cochin,17:30:00,01:35:00,485,1.0,No Info,17057
Vistara,2019-05-06,Kolkata,Banglore,07:10:00,22:40:00,930,1.0,No Info,8452
Air India,2019-03-24,Kolkata,Banglore,12:00:00,23:15:00,2115,3.0,No Info,14221
Multiple Carriers,2019-05-18,Delhi,Cochin,06:40:00,19:15:00,755,1.0,No Info,7564
Jet Airways,2019-06-09,Delhi,Cochin,07:05:00,19:00:00,715,1.0,No Info,14714
Multiple Carriers ,2019-03-21,Delhi,Cochin,06:00:00,12:35:00,395,1.0,No Info,13369
Multiple Carriers,2019-05-27,Delhi,Cochin,16:00:00,01:30:00,570,1.0,In-flight meal not included,7308
Indigo,2019-06-12,Delhi,Cochin,15:00:00,01:30:00,630,1.0,No Info,5684
Indigo,2019-06-09,Delhi,Cochin,10:35:00,21:00:00,625,1.0,No Info,6314
Indigo,2019-06-03,Delhi,Cochin,05:10:00,10:05:00,295,1.0,No Info,6842
Jet Airways,2019-03-27,Delhi,Cochin,09:55:00,04:25:00,1110,1.0,In-flight meal not included,6540
Jet Airways,2019-04-06,Delhi,Cochin,02:15:00,12:35:00,620,1.0,In-flight meal not included,5177
Air Asia,2019-05-06,Kolkata,Banglore,07:35:00,19:25:00,710,1.0,No Info,5192
Multiple Carriers,2019-05-24,Delhi,Cochin,17:45:00,01:30:00,465,1.0,No Info,9140
Jet Airways,2019-03-06,Banglore,New Delhi,11:40:00,09:30:00,1310,1.0,No Info,17261
Indigo,2019-05-01,Chennai,Kolkata,05:15:00,07:40:00,145,0.0,No Info,3850
Jet Airways,2019-05-18,Delhi,Cochin,20:55:00,04:25:00,450,1.0,No Info,15554
Jet Airways,2019-04-03,Banglore,Delhi,17:45:00,20:45:00,180,0.0,No Info,7229
Air India,2019-05-21,Delhi,Cochin,05:55:00,07:40:00,1545,2.0,No Info,11911
Indigo,2019-05-06,Chennai,Kolkata,07:55:00,10:15:00,140,0.0,No Info,3850
Jet Airways,2019-05-24,Kolkata,Banglore,08:25:00,18:15:00,590,1.0,No Info,14571
Multiple Carriers,2019-06-15,Delhi,Cochin,06:40:00,19:15:00,755,1.0,No Info,8614
Jet Airways,2019-03-18,Banglore,New Delhi,18:40:00,07:40:00,780,1.0,In-flight meal not included,10972
Multiple Carriers,2019-06-01,Delhi,Cochin,11:25:00,19:15:00,470,1.0,No Info,8937
Multiple Carriers,2019-03-06,Delhi,Cochin,07:00:00,15:30:00,510,1.0,No Info,15603
Jet Airways,2019-06-09,Kolkata,Banglore,20:25:00,21:05:00,1480,1.0,No Info,12692
Jet Airways,2019-06-27,Delhi,Cochin,07:05:00,12:35:00,330,1.0,No Info,14714
Multiple Carriers,2019-05-27,Delhi,Cochin,17:30:00,01:30:00,480,1.0,In-flight meal not included,7308
Multiple Carriers,2019-06-09,Delhi,Cochin,08:00:00,19:00:00,660,1.0,No Info,12192
Air India,2019-06-06,Delhi,Cochin,06:05:00,09:25:00,1640,1.0,No Info,7952
Jet Airways,2019-06-12,Kolkata,Banglore,14:05:00,09:20:00,1155,1.0,In-flight meal not included,8529
Jet Airways,2019-06-12,Delhi,Cochin,22:50:00,12:35:00,825,1.0,In-flight meal not included,10262
Jet Airways,2019-06-24,Delhi,Cochin,18:15:00,12:35:00,1100,1.0,In-flight meal not included,10262
Jet Airways,2019-04-01,Kolkata,Banglore,08:25:00,19:50:00,685,1.0,In-flight meal not included,7064
Jet Airways,2019-06-21,Mumbai,Hyderabad,19:35:00,21:05:00,90,0.0,In-flight meal not included,3210
Air India,2019-05-21,Delhi,Cochin,07:05:00,09:25:00,1580,2.0,No Info,10975
Air India,2019-04-06,Banglore,Delhi,10:00:00,12:45:00,165,0.0,No Info,5176
Jet Airways,2019-03-12,Banglore,New Delhi,16:55:00,23:00:00,365,1.0,No Info,13817
Jet Airways,2019-03-21,Delhi,Cochin,07:05:00,18:50:00,705,1.0,No Info,12767
Multiple Carriers,2019-05-18,Delhi,Cochin,06:00:00,21:00:00,900,1.0,No Info,7670
Spicejet,2019-04-24,Delhi,Cochin,15:45:00,22:05:00,380,1.0,No Info,5583
Air India,2019-05-18,Kolkata,Banglore,08:20:00,07:55:00,1415,2.0,No Info,10697
Jet Airways,2019-03-27,Delhi,Cochin,09:55:00,04:25:00,1110,1.0,No Info,12242
Jet Airways,2019-05-15,Kolkata,Banglore,06:30:00,20:45:00,855,1.0,No Info,14781
Air India,2019-03-03,Banglore,New Delhi,11:05:00,22:10:00,2105,2.0,No Info,11948
Air India,2019-05-09,Kolkata,Banglore,07:00:00,01:20:00,1100,2.0,No Info,13033
Indigo,2019-04-09,Delhi,Cochin,07:30:00,21:00:00,810,1.0,No Info,6093
Goair,2019-04-24,Banglore,Delhi,07:45:00,10:40:00,175,0.0,No Info,4632
Jet Airways,2019-05-03,Banglore,Delhi,11:10:00,14:05:00,175,0.0,In-flight meal not included,4030
Spicejet,2019-05-15,Delhi,Cochin,06:05:00,11:20:00,315,1.0,No Info,5583
Jet Airways,2019-06-27,Delhi,Cochin,23:05:00,19:00:00,1195,2.0,No Info,12819
Indigo,2019-03-18,Chennai,Kolkata,11:35:00,14:00:00,145,0.0,No Info,3858
Jet Airways,2019-06-24,Mumbai,Hyderabad,02:55:00,04:20:00,85,0.0,In-flight meal not included,4050
Indigo,2019-06-18,Banglore,Delhi,22:10:00,01:00:00,170,0.0,No Info,3419
Air India,2019-05-21,Kolkata,Banglore,12:00:00,13:15:00,1515,1.0,No Info,7662
Air India,2019-03-12,Mumbai,Hyderabad,01:35:00,14:50:00,795,2.0,No Info,9977
Air India,2019-05-27,Delhi,Cochin,19:45:00,19:15:00,1410,2.0,No Info,10441
Indigo,2019-03-03,Kolkata,Banglore,09:35:00,12:20:00,165,0.0,No Info,6565
Air India,2019-06-27,Delhi,Cochin,05:15:00,19:15:00,2280,3.0,No Info,10703
Vistara,2019-04-03,Banglore,Delhi,11:30:00,14:20:00,170,0.0,No Info,5403
Air India,2019-04-09,Delhi,Cochin,13:05:00,07:40:00,1115,2.0,No Info,8577
Indigo,2019-04-01,Mumbai,Hyderabad,21:20:00,22:50:00,90,0.0,No Info,2227
Spicejet,2019-05-21,Delhi,Cochin,15:45:00,22:05:00,380,1.0,No Info,7317
Jet Airways,2019-03-27,Delhi,Cochin,05:25:00,18:50:00,805,2.0,In-flight meal not included,9254
Jet Airways,2019-03-24,Kolkata,Banglore,13:55:00,20:40:00,405,1.0,In-flight meal not included,11134
Multiple Carriers,2019-05-21,Delhi,Cochin,04:55:00,19:15:00,860,1.0,No Info,7575
Indigo,2019-04-27,Kolkata,Banglore,14:25:00,16:55:00,150,0.0,No Info,4804
Jet Airways,2019-05-01,Kolkata,Banglore,14:05:00,09:20:00,1155,1.0,In-flight meal not included,9663
Air India,2019-03-09,Delhi,Cochin,09:45:00,09:25:00,1420,2.0,No Info,10660
Jet Airways,2019-05-06,Kolkata,Banglore,20:25:00,22:05:00,1540,1.0,No Info,11467
Jet Airways,2019-05-12,Kolkata,Banglore,20:00:00,04:40:00,520,1.0,No Info,13941
Jet Airways,2019-06-15,Delhi,Cochin,18:20:00,12:35:00,1095,2.0,No Info,14300
Multiple Carriers,2019-06-06,Delhi,Cochin,06:00:00,21:00:00,900,1.0,No Info,7005
Vistara,2019-06-15,Banglore,Delhi,17:00:00,19:35:00,155,0.0,No Info,4878
Indigo,2019-03-12,Kolkata,Banglore,15:10:00,17:45:00,155,0.0,No Info,4148
Vistara,2019-05-03,Banglore,Delhi,21:00:00,23:50:00,170,0.0,No Info,5613
Jet Airways,2019-03-12,Banglore,New Delhi,18:55:00,10:25:00,930,1.0,In-flight meal not included,11087
Air India,2019-03-12,Mumbai,Hyderabad,21:00:00,19:25:00,1345,1.0,No Info,10943
